fips,region_id,region_type_id,region_name,region_type,period_begin,period_end,duration,total_homes_sold,total_homes_sold_yoy,average_homes_sold,average_homes_sold_yoy,total_homes_sold_with_price_drops,total_homes_sold_with_price_drops_yoy,average_homes_sold_with_price_drops,average_homes_sold_with_price_drops_yoy,percent_homes_sold_with_price_drops,percent_homes_sold_with_price_drops_yoy,median_sale_price,median_sale_price_yoy,median_sale_ppsf,median_sale_ppsf_yoy,median_days_to_close,median_days_to_close_yoy,price_drops,price_drops_yoy,percent_active_listings_with_price_drops,percent_active_listings_with_price_drops_yoy,pending_sales,pending_sales_yoy,median_pending_sqft,median_pending_sqft_yoy,off_market_in_two_weeks,off_market_in_two_weeks_yoy,off_market_in_one_week,off_market_in_one_week_yoy,percent_off_market_in_two_weeks,percent_off_market_in_two_weeks_yoy,percent_off_market_in_one_week,percent_off_market_in_one_week_yoy,total_new_listings,total_new_listings_yoy,average_new_listings,average_new_listings_yoy,median_new_listing_price,median_new_listing_price_yoy,median_new_listing_ppsf,median_new_listing_ppsf_yoy,inventory,inventory_yoy,total_active_listings,total_active_listings_yoy,active_listings,active_listings_yoy,age_of_inventory,age_of_inventory_yoy,homes_delisted,homes_delisted_yoy,percent_active_listings_delisted,percent_active_listings_delisted_yoy,median_active_list_price,median_active_list_price_yoy,median_active_list_ppsf,median_active_list_ppsf_yoy,average_of_median_list_price_amount,average_of_median_list_price_amount_yoy,average_of_median_offer_price_amount,average_of_median_offer_price_amount_yoy,avg_offer_to_list,avg_offer_to_list_yoy,average_sale_to_list_ratio,average_sale_to_list_ratio_yoy,median_days_on_market,median_days_on_market_yoy,pending_sales_to_sales_ratio,pending_sales_to_sales_ratio_yoy,months_of_supply,months_of_supply_yoy,average_pending_sales_listing_updates,average_pending_sales_listing_updates_yoy,percent_total_price_drops_of_inventory,percent_total_price_drops_of_inventory_yoy,percent_homes_sold_above_list,percent_homes_sold_above_list_yoy,price_drop_percent_of_old_list_price,price_drop_percent_of_old_list_price_yoy,last_updated,average_adjustment_average_homes_delisted,adjusted_average_homes_delisted,average_adjustment_average_homes_sold,adjusted_average_homes_sold,average_adjustment_average_new_listings,adjusted_average_new_listings,average_adjustment_pending_sales,adjusted_pending_sales,adjusted_average_homes_delisted_yoy,adjusted_average_homes_sold_yoy,adjusted_average_new_listings_yoy,adjusted_pending_sales_yoy
12001,437,5,"Alachua County, FL",county,2021-10-25,2021-10-31,1 weeks,77,-0.144444444444444,77,-0.144444444444444,5,,5,,0.064935064935065,0.064935064935065,289000,0.243010752688172,166.17033948779,0.112550693358774,38,38,48,,0.081494057724958,,75,0.271186440677966,1686,0.05375,36,8,28,13,0.48,0.412203389830508,0.373333333333333,0.339435028248588,62,-0.24390243902439,62,-0.24390243902439,299500,0.198239647929586,176.467204801534,0.181708839308203,483,-0.53912213740458,589,-0.48513986013986,589,-0.48513986013986,58,0.5,14,1,0.023769100169779,0.017650219050898,295000,0.135051943055021,166.239316239316,0.098291410259117,,,,,,,0.977629783000084,0.006687683335279,12,-53,0.974025974025974,0.318470418470418,7.64935064935065,-5.06176046176046,101,,0.099378881987578,,0.246753246753247,0.135642135642136,0.043851992314935,,2021-11-03 15:31:06,,14,,77,,62,,75,1,-0.144444444444444,-0.24390243902439,0.271186440677966
12003,438,5,"Baker County, FL",county,2021-10-25,2021-10-31,1 weeks,8,-0.111111111111111,8,-0.111111111111111,3,-0.5,3,-0.5,0.375,-0.291666666666667,317450,0.328798660527417,167.510865143743,0.241020632081405,20,-14,7,0.166666666666667,0.125,0.036764705882353,6,0.5,1823.5,0.121808674254076,2,1,1,,0.333333333333333,0.083333333333333,0.166666666666667,0.166666666666667,4,-0.333333333333333,4,-0.333333333333333,469500,0.458074534161491,216.517235798673,0.749421870429739,42,-0.34375,56,-0.176470588235294,56,-0.176470588235294,32.5,-27.5,4,,0.071428571428572,,288900,0.137625516834022,167.683206227704,0.182916713439355,,,,,,,1.00621305674603,0.025694492518815,46,4,0.75,0.305555555555556,7,-0.555555555555555,14,0.555555555555556,0.166666666666667,0.072916666666667,0.375,0.152777777777778,0.043423889375126,-0.002526354317704,2021-11-03 15:31:06,,4,,8,,4,,6,,-0.111111111111111,-0.333333333333333,0.5
12007,440,5,"Bradford County, FL",county,2021-10-25,2021-10-31,1 weeks,6,,6,,2,,2,,0.333333333333333,,250000,,157.808295591888,,34.5,,4,,0.076923076923077,,4,,1183,,1,,1,,0.25,,0.25,,7,0.4,7,0.4,225000,0.501000667111408,149.239956568947,0.441066247294896,45,0.363636363636363,52,0.529411764705882,52,0.529411764705882,77,29,2,1,0.038461538461539,0.009049773755656,282000,0.453982985305491,154.885402995799,0.323525474632011,,,,,,,0.984769034688592,,102,,0.666666666666667,,8.66666666666667,,6,,0.088888888888889,,0.5,,0.102424170971277,,2021-11-03 15:31:06,,2,,6,,7,,4,1,,0.4,
12009,441,5,"Brevard County, FL",county,2021-10-25,2021-10-31,1 weeks,344,-0.092348284960422,344,-0.092348284960422,79,-0.141304347826087,79,-0.141304347826087,0.229651162790698,-0.013092900533841,327160,0.265609284332688,192.71783519713,0.253761598449574,0,0,90,-0.052631578947369,0.029192345118391,0.004349248884082,264,0.081967213114754,1624,-0.041322314049587,41,0.171428571428571,33,0.32,0.15530303030303,0.011860407352211,0.125,0.022540983606557,264,-0.211940298507463,264,-0.211940298507463,304770,0.12919599851797,189.78157888311,0.198786973278311,2729,-0.206224549156486,3083,-0.193776150627615,3083,-0.193776150627615,41,-6,31,0.631578947368421,0.010055141096335,0.005086521849473,330995,0.161385964912281,195.178571428571,0.210163065364784,589050,,570000,,0.964136488759521,,0.994772444447757,0.016352436884681,47,-15,0.767441860465116,0.123642388169602,8.96220930232558,-1.1275004602074,377,-0.066831683168317,0.032979113228289,0.005346768842018,0.34593023255814,0.155956617782414,0.039527621356827,0.000199305208579,2021-11-03 15:31:06,,31,,344,,264,,264,0.631578947368421,-0.092348284960422,-0.211940298507463,0.081967213114754
12011,442,5,"Broward County, FL",county,2021-10-25,2021-10-31,1 weeks,696,-0.294117647058823,696,-0.294117647058823,151,-0.477508650519031,151,-0.477508650519031,0.216954022988506,-0.076149425287356,358250,0.174590163934426,246.551240482775,0.214984783196964,11,-2,213,-0.509216589861751,0.025561022440898,-0.005626100295521,423,-0.27319587628866,1450,-0.022911051212938,94,-0.175438596491228,64,-0.146666666666667,0.222222222222222,0.026345933562428,0.151300236406619,0.022434257025176,696,-0.297679112008073,696,-0.297679112008073,370000,0.15625,249.8740360406,0.160297435590881,7555,-0.414794732765298,8333,-0.401192871514803,8333,-0.401192871514803,51,-15,247,0.379888268156425,0.029641185647426,0.016778294011899,379000,0.203174603174603,258.835758835759,0.183651204930947,578500,0.618634583100168,590000,0.48989898989899,1.02389121077912,0.008246173590093,0.980534721693152,0.01032986260962,48,-9,0.607758620689655,0.017494929006085,11.9727011494253,-2.1408891142664,1082,0.003710575139147,0.02819324950364,-0.005424101387142,0.26867816091954,0.108434753211629,0.04474960331288,0.002597026823753,2021-11-03 15:31:06,,247,,696,,696,,423,0.379888268156425,-0.294117647058823,-0.297679112008073,-0.27319587628866
12015,444,5,"Charlotte County, FL",county,2021-10-25,2021-10-31,1 weeks,143,-0.285,143,-0.285,28,-0.481481481481482,28,-0.481481481481482,0.195804195804196,-0.074195804195804,325000,0.284584980237154,201.520912547528,0.281188738345059,36,-3,34,-0.381818181818182,0.046448087431694,0.009185214802968,145,0.082089552238806,1607,-0.034834834834835,90,0.08433734939759,65,0,0.620689655172414,0.001286670097787,0.448275862068966,-0.036798764796706,107,-0.246478873239437,107,-0.246478873239437,349900,0.345769230769231,205.602836879433,0.343115849104569,553,-0.572972972972973,732,-0.504065040650407,732,-0.504065040650407,43,-18,16,-0.304347826086956,0.021857923497268,0.00627526767071,379000,0.415856471752916,219.348875413623,0.382640097796127,,,,,,,0.997484623407604,0.021386153340177,13,-14,1.01398601398601,0.343986013986014,5.11888111888112,-2.26111888111888,174,-0.112244897959184,0.061482820976492,0.019011778505449,0.342657342657343,0.212657342657343,0.048199618684079,0.013449641566778,2021-11-03 15:31:06,,16,,143,,107,,145,-0.304347826086956,-0.285,-0.246478873239437,0.082089552238806
12017,445,5,"Citrus County, FL",county,2021-10-25,2021-10-31,1 weeks,28,8.33333333333333,28,8.33333333333333,4,,4,,0.142857142857143,0.142857142857143,237200,0.268449197860963,162.494995053936,0.486287554759998,36,36,13,,0.065,,25,11.5,1399,-0.204435598521467,16,15,13,12,0.64,0.14,0.52,0.02,27,2.85714285714286,27,2.85714285714286,270000,0.058823529411765,158.637855579869,0.355576028660917,169,1.68253968253968,200,2.07692307692308,200,2.07692307692308,39,-9,4,,0.02,,279200,0.299208934388087,168.385711918621,0.331876663304708,,,,,,,0.98322320435982,0.012269126573546,19.5,14.5,0.892857142857143,0.226190476190476,7.14285714285714,-14.5238095238095,34,,0.076923076923077,,0.285714285714286,-0.047619047619048,0.053382895510938,,2021-11-03 15:31:06,,4,,28,,27,,25,,8.33333333333333,2.85714285714286,11.5
12019,446,5,"Clay County, FL",county,2021-10-25,2021-10-31,1 weeks,90,-0.296875,90,-0.296875,9,-0.571428571428571,9,-0.571428571428571,0.1,-0.0640625,312050,0.313950061055202,174.533513276048,0.323118030791214,29.5,-3.5,24,0.090909090909091,0.049281314168378,0.014305161545166,91,0.542372881355932,1988,0.056323060573858,35,0.666666666666667,21,1.1,0.384615384615385,0.028683181225554,0.230769230769231,0.061277705345502,59,-0.243589743589744,59,-0.243589743589744,331300,0.269348659003831,170.335429769392,0.256504718677278,376,-0.322522522522523,487,-0.225755166931638,487,-0.225755166931638,30,-7,12,2,0.024640657084189,0.018281356607241,345000,0.255001818843216,172.186949204843,0.247890341668344,,,,,,,1.01113325131498,0.028067444847391,22,-12.5,1.01111111111111,0.550173611111111,5.41111111111111,0.497048611111111,134,0.080645161290323,0.063829787234043,0.024190147594403,0.466666666666667,0.279166666666667,0.047728222437024,0.015406720472079,2021-11-03 15:31:06,,12,,90,,59,,91,2,-0.296875,-0.243589743589744,0.542372881355932
12021,447,5,"Collier County, FL",county,2021-10-25,2021-10-31,1 weeks,245,-0.443181818181818,245,-0.443181818181818,42,-0.68421052631579,42,-0.68421052631579,0.171428571428571,-0.130844155844156,492500,0.14335461404527,293.282065017261,0.283559434669005,38,-3,56,-0.575757575757576,0.04375,0.012057322929172,31,-0.86864406779661,1732.5,-0.039634146341464,14,-0.861386138613861,7,-0.893939393939394,0.451612903225806,0.023646801530891,0.225806451612903,-0.053854565336249,149,-0.564327485380117,149,-0.564327485380117,629999,0.34903426124197,351.167649554746,0.407016929953204,1206,-0.678999201490551,1280,-0.692677070828331,1280,-0.692677070828331,45.5,-27.5,35,-0.326923076923077,0.02734375,0.014858756002401,785000,0.707349432442249,414.283754803376,0.649930084347359,,,,,,,0.993710530338686,0.033405649372188,11,-65,0.126530612244898,-0.409833024118738,5.22448979591837,-4.24141929499073,296,-0.242966751918158,0.046434494195688,0.011300078438435,0.322448979591837,0.256539888682746,0.050142271174676,0.009152315314081,2021-11-03 15:31:06,,35,,245,,149,,31,-0.326923076923077,-0.443181818181818,-0.564327485380117,-0.86864406779661
12027,449,5,"DeSoto County, FL",county,2021-10-25,2021-10-31,1 weeks,9,0,9,0,3,0,3,0,0.333333333333333,0,192500,-0.38241899262111,170.305676855895,0.181408147394868,28,-13,4,0,0.070175438596491,0.017543859649123,6,-0.142857142857143,1460,-0.285364659813999,2,-0.333333333333333,1,-0.5,0.333333333333333,-0.095238095238095,0.166666666666667,-0.119047619047619,4,0.333333333333333,4,0.333333333333333,324950,0.086789297658863,223.019666715787,0.26257158616104,48,-0.272727272727273,57,-0.25,57,-0.25,42.5,-40,1,0,0.017543859649123,0.004385964912281,349000,0.586727862532081,189.169139465875,0.494701615712907,,,,,,,0.988049860965439,0.03384573468998,16,-119,0.666666666666667,-0.111111111111111,6.33333333333333,-2.11111111111111,10,-0.285714285714286,0.083333333333333,0.022727272727273,0.333333333333333,0.333333333333333,0.102276214397472,0.046144149591522,2021-11-03 15:31:06,,1,,9,,4,,6,0,0,0.333333333333333,-0.142857142857143
12031,451,5,"Duval County, FL",county,2021-10-25,2021-10-31,1 weeks,427,-0.097251585623679,427,-0.097251585623679,78,-0.25,78,-0.25,0.182669789227166,-0.037203360878542,276990,0.181899641577061,169.148281259364,0.238165418818544,22,-7,160,0.103448275862069,0.058415480102227,0.018160066443149,456,0.514950166112957,1555,-0.079881656804734,163,0.468468468468469,110,0.466666666666667,0.357456140350877,-0.011314623768724,0.241228070175439,-0.007941365040508,361,-0.148584905660377,361,-0.148584905660377,274600,0.307619047619048,174.874829312699,0.264183494331216,2180,-0.316828580382325,2739,-0.239589117157135,2739,-0.239589117157135,32.5,-4.5,55,0.527777777777778,0.020080321285141,0.01008587375599,274900,0.122498979175174,176.142857142857,0.237174515235457,1000000,0.375705048837529,1100000,0.603498542274052,1.1,0.156266336497455,0.99241061588764,0.007610127020406,23,-13,1.06791569086651,0.431552054502874,6.41451990632319,-1.20070208099183,690,0.118314424635332,0.073394495412844,0.027954194566714,0.353629976580796,0.133756826475088,0.054068762941856,0.016913473865733,2021-11-03 15:31:06,,55,,427,,361,,456,0.527777777777778,-0.097251585623679,-0.148584905660377,0.514950166112957
12033,452,5,"Escambia County, FL",county,2021-10-25,2021-10-31,1 weeks,186,0.215686274509804,186,0.215686274509804,32,,32,,0.172043010752688,0.172043010752688,260000,0.044176706827309,147.061872659176,0.161248060177942,1,1,44,,0.028295819935691,,127,0.5875,1684,-0.018648018648019,33,5.6,27,12.5,0.259842519685039,0.197342519685039,0.21259842519685,0.18759842519685,137,0.412371134020619,137,0.412371134020619,286900,0.292342342342342,173.333333333333,0.340444444444444,1396,-0.078547854785479,1555,-0.067745803357314,1555,-0.067745803357314,42.5,-21.5,9,-0.357142857142857,0.005787781350482,-0.00260550402122,291700,0.166077032240011,164.366159144378,0.233071587473971,,,,,,,0.998487667579357,0.013214324159584,49,-34.5,0.682795698924731,0.159919881931267,8.36021505376344,-2.54174573055029,216,,0.031518624641834,,0.360215053763441,0.164136622390892,0.044501917431261,,2021-11-03 15:31:06,,9,,186,,137,,127,-0.357142857142857,0.215686274509804,0.412371134020619,0.5875
12035,453,5,"Flagler County, FL",county,2021-10-25,2021-10-31,1 weeks,25,4,25,4,6,,6,,0.24,0.24,380000,-0.049762440610153,202.991452991453,0.106410256410256,17,17,11,,0.047619047619048,,24,,1964,,9,,6,,0.375,,0.25,,18,0.125,18,0.125,362550,0.021281989887182,205.249647594201,0.321246915357103,203,0.109289617486339,231,0.228723404255319,231,0.228723404255319,40,-14,2,0,0.008658008658009,-0.001980289214332,425000,0.182361941855613,214.277822733502,0.230274568289499,,,,,,,0.989265265084675,0.012257852663316,19,-114,0.96,,9.24,-28.36,34,,0.054187192118227,,0.24,0.24,0.0319403436433,,2021-11-03 15:31:06,,2,,25,,18,,24,0,4,0.125,
12037,454,5,"Franklin County, FL",county,2021-10-25,2021-10-31,1 weeks,4,0.333333333333333,4,0.333333333333333,0,,0,,0,0,272500,0.009259259259259,110.804738562092,-0.566630355846042,9.5,9.5,,,,,1,,3096,,0,,0,,0,,0,,2,1,2,1,1689500,5.03608431582708,669.508165290748,1.7842354569433,38,0.266666666666667,41,0.32258064516129,41,0.32258064516129,68,-35.5,1,,0.024390243902439,,479000,0.277333333333333,377.733598409543,0.676547322670583,,,,,,,1.01834341769567,0.071641538516995,28.5,-559.5,0.25,,10.25,-0.083333333333334,2,,,,0.25,0.25,,,2021-11-03 15:31:06,,1,,4,,2,,1,,0.333333333333333,1,
12039,455,5,"Gadsden County, FL",county,2021-10-25,2021-10-31,1 weeks,6,0.5,6,0.5,1,,1,,0.166666666666667,0.166666666666667,236500,0.137019230769231,139.127117752289,0.105842246265426,0,0,,,,,6,2,1454,-0.149210064365126,0,,0,,0,0,0,0,5,0,5,0,189900,-0.156,119.047619047619,-0.066199766549942,77,-0.266666666666667,85,-0.212962962962963,85,-0.212962962962963,47,-22,1,,0.011764705882353,,209000,0.04552276138069,120.347222222222,-0.028503888960746,,,,,,,0.987890802207928,-0.031348363476597,40,-53,1,0.5,14.1666666666667,-12.8333333333333,6,,,,0.333333333333333,-0.166666666666667,,,2021-11-03 15:31:06,,1,,6,,5,,6,,0.5,0,2
12043,457,5,"Glades County, FL",county,2021-10-18,2021-10-24,1 weeks,1,-0.5,1,-0.5,0,,0,,0,0,185000,-0.114832535885168,148.237179487179,0.192280855109802,33,-61,5,,0.192307692307692,,,,,,,,,,,,,,,,,,,,,,26,0.130434782608696,26,0.04,26,0.04,83,29,,,,,320000,1.28571428571429,218.525766470972,0.889001256473905,,,,,,,,,,,,,,,2,1,0.038461538461539,,,,0.038610038610039,,2021-11-03 15:31:06,,1,,,,3,,2,,,,
12049,460,5,"Hardee County, FL",county,2021-10-25,2021-10-31,1 weeks,1,,1,,0,,0,,0,,200000,,124.069478908189,,67,,,,,,1,,1910,,0,,0,,0,,0,,1,0,1,0,220000,1.04271123491179,129.793510324484,0.103907664412508,9,0.8,10,1,10,1,74,14,,,,,315000,0.956521739130435,129.793510324484,0.103907664412508,,,,,,,0.930665425779432,,4,,1,,10,,2,,,,0,,,,2021-11-03 15:31:06,,,,1,,1,,1,,,0,
12051,461,5,"Hendry County, FL",county,2021-10-25,2021-10-31,1 weeks,12,0.714285714285714,12,0.714285714285714,1,-0.5,1,-0.5,0.083333333333333,-0.202380952380952,251000,0.115555555555556,165.569670819848,0.207656817652154,42.5,1.5,4,3,0.049382716049383,0.038146760993203,2,-0.75,1355.5,-0.128576020572163,1,0,1,0,0.5,0.375,0.5,0.375,4,-0.555555555555556,4,-0.555555555555556,232450,-0.051224489795918,181.744749596123,0.157489196816212,77,0.013157894736842,81,-0.089887640449438,81,-0.089887640449438,34,-28,1,-0.666666666666667,0.012345679012346,-0.021362186156194,285000,0.239669421487603,190.357156881402,0.358394105082104,,,,,,,0.989169153933847,0.01504015871014,12.5,-66.5,0.166666666666667,-0.976190476190476,6.75,-5.96428571428571,3,-0.625,0.051948051948052,0.03879015721121,0.25,0.25,0.070234702160238,-0.179765297839762,2021-11-03 15:31:06,,1,,12,,4,,2,-0.666666666666667,0.714285714285714,-0.555555555555556,-0.75
12053,462,5,"Hernando County, FL",county,2021-10-25,2021-10-31,1 weeks,116,0.195876288659794,116,0.195876288659794,23,,23,,0.198275862068966,0.198275862068966,267500,0.238999536822603,164.901315789474,0.351233990838553,32,32,44,,0.079136690647482,,107,0.671875,1650,-0.051996552714737,65,31.5,50,24,0.607476635514019,0.576226635514019,0.467289719626168,0.436039719626168,90,0.267605633802817,90,0.267605633802817,285000,0.363636363636363,164.366223831984,0.262631446709332,429,-0.41869918699187,556,-0.338882282996433,556,-0.338882282996433,30,-7.5,12,0.333333333333333,0.02158273381295,0.010881188034115,304995,0.355533333333333,169.210548795167,0.315154404792816,,,,,,,1.00328723918587,0.01492504369508,11,-47,0.922413793103448,0.262619978670459,4.79310344827586,-3.87699964450764,145,,0.102564102564103,,0.422413793103448,0.154372555990046,0.031674238971942,,2021-11-03 15:31:06,,12,,116,,90,,107,0.333333333333333,0.195876288659794,0.267605633802817,0.671875
12057,464,5,"Hillsborough County, FL",county,2021-10-25,2021-10-31,1 weeks,687,-0.12484076433121,687,-0.12484076433121,116,-0.337142857142857,116,-0.337142857142857,0.168850072780204,-0.054079863525529,349990,0.296259259259259,190.428091423526,0.271377057852082,33,-5,151,-0.386178861788618,0.060740144810941,-4.56224240476116E-05,623,0.226377952755906,1714,-0.00029163021289,415,0.360655737704918,333,0.353658536585366,0.666131621187801,0.065737920400399,0.534510433386838,0.050258464882901,542,-0.09212730318258,542,-0.09212730318258,350945,0.276163636363636,197.249189189189,0.236580668901091,1745,-0.488119683191552,2486,-0.385717815665925,2486,-0.385717815665925,31,-11,86,0.211267605633803,0.034593724859212,0.017049865210089,385000,0.242336237495966,215.51724137931,0.289787798408488,479900,0.056001760369678,485000,0.09111361079865,1.02654240466764,0.049959679320499,1.00138127055416,0.013587189634657,7,-5,0.90684133915575,0.259707581193966,3.61863173216885,-1.53678228057,716,0.081570996978852,0.086532951289398,0.014371026971417,0.375545851528384,0.164080883375518,0.03642238312502,0.00113567052176,2021-11-03 15:31:06,,86,,687,,542,,623,0.211267605633803,-0.12484076433121,-0.09212730318258,0.226377952755906
12061,466,5,"Indian River County, FL",county,2021-10-25,2021-10-31,1 weeks,61,-0.5234375,61,-0.5234375,6,-0.853658536585366,6,-0.853658536585366,0.098360655737705,-0.221951844262295,307500,0.173574536294939,179.455445544555,0.22037518951406,0,0,23,-0.439024390243902,0.025527192008879,-0.000604101808839,61,-0.046875,1864,0.098408956982911,11,0.833333333333333,6,0,0.180327868852459,0.086577868852459,0.098360655737705,0.004610655737705,62,-0.36734693877551,62,-0.36734693877551,325000,0.216772744290528,209.860093271153,0.30680447269388,815,-0.43870523415978,901,-0.425748884639898,901,-0.425748884639898,45,-17,16,0.230769230769231,0.017758046614872,0.009472514428767,349900,0.196239316239316,209.246249232918,0.266711876794439,,,,,,,0.983053675588264,0.017229999896878,47,-37.5,1,0.5,14.7704918032787,2.51267930327869,187,0.508064516129032,0.028220858895706,-1.60557048454434E-05,0.245901639344262,0.167776639344262,0.038787445049465,0.000703044327612,2021-11-03 15:31:06,,16,,61,,62,,61,0.230769230769231,-0.5234375,-0.36734693877551,-0.046875
12065,468,5,"Jefferson County, FL",county,2021-10-25,2021-10-31,1 weeks,4,1,4,1,0,,0,,0,0,400500,0.469724770642202,180.322384352011,0.305452725010784,8,8,,,,,,,,,,,,,,,,,3,-0.25,3,-0.25,425000,0.798941798941799,218.221494817239,0.650850081169396,51,0,54,0.018867924528302,54,0.018867924528302,73,6,2,,0.037037037037037,,282450,0.178102189781022,158.273244781784,0.08218388634481,,,,,,,0.975176565857339,-0.001294022377955,65,15.5,,,13.5,-13,2,,,,0,0,,,2021-11-03 15:31:06,,2,,4,,3,,,,1,-0.25,
12069,470,5,"Lake County, FL",county,2021-10-25,2021-10-31,1 weeks,194,-0.067307692307692,194,-0.067307692307692,26,-0.573770491803278,26,-0.573770491803278,0.134020618556701,-0.15924861221253,325000,0.226415094339623,175.308225696616,0.218192290799865,34.5,-4.5,50,-0.285714285714286,0.052854122621565,0.000963833518525,197,0.481203007518797,1810,-0.00165471594043,124,0.878787878787879,94,0.773584905660377,0.629441624365482,0.133201022861723,0.477157360406091,0.078661119804588,207,0.169491525423729,207,0.169491525423729,349900,0.293865325592575,174.165739168206,0.135921857862995,722,-0.385531914893617,946,-0.29873980726464,946,-0.29873980726464,34,-18,15,0.153846153846154,0.015856236786469,0.006219468810191,372382,0.307062127062127,187.248083145129,0.234065600964496,309450,,309500,,1.00014289797085,,0.994328523991518,0.008230675545659,7,-15,1.01546391752577,0.376040840602696,4.87628865979382,-1.60928826328311,221,0.207650273224044,0.069252077562327,0.00967760947722,0.304123711340206,0.121431403647898,0.036086862181806,0.001628483737838,2021-11-03 15:31:06,,15,,194,,207,,197,0.153846153846154,-0.067307692307692,0.169491525423729,0.481203007518797
12071,471,5,"Lee County, FL",county,2021-10-25,2021-10-31,1 weeks,504,-0.283072546230441,504,-0.283072546230441,69,-0.689189189189189,69,-0.689189189189189,0.136904761904762,-0.178884711779449,340000,0.287878787878788,204.380841121495,0.330851988698109,35,-6,118,-0.448598130841122,0.049978822532825,0.011013054142439,404,-0.004926108374384,1641.5,-0.024368499257058,250,0.404494382022472,183,0.53781512605042,0.618811881188119,0.180388235867922,0.452970297029703,0.159866848753841,396,-0.276051188299817,396,-0.276051188299817,350000,0.166670555568519,219.031531531532,0.25432057057057,1829,-0.627343113284434,2361,-0.570101966496723,2361,-0.570101966496723,37,-22,86,0.264705882352941,0.036425243540873,0.024043597510283,419000,0.36482529259053,233.456499832046,0.34249182888434,540000,1.18623481781377,550000,1.24948875255624,1.01851851851852,0.031339031339031,0.998893812480383,0.028748724470293,8,-33,0.801587301587302,0.224062408272935,4.68452380952381,-3.12770947639369,613,-0.07957957957958,0.064516129032258,0.020913847043668,0.390873015873016,0.294144708618393,0.049928343889186,0.01907079688679,2021-11-03 15:31:06,,86,,504,,396,,404,0.264705882352941,-0.283072546230441,-0.276051188299817,-0.004926108374384
12073,472,5,"Leon County, FL",county,2021-10-25,2021-10-31,1 weeks,111,-0.13953488372093,111,-0.13953488372093,21,,21,,0.189189189189189,0.189189189189189,275000,-0.017857142857143,167.643610785463,0.094067995310668,0,0,31,,0.027728085867621,,72,-0.294117647058823,1499,-0.148537347344504,5,-0.666666666666667,4,-0.733333333333333,0.069444444444445,-0.077614379084967,0.055555555555556,-0.091503267973856,72,-0.314285714285714,72,-0.314285714285714,249750,-0.091487813750455,160.410409802463,0.001325075376596,1004,-0.113857016769638,1118,-0.123824451410658,1118,-0.123824451410658,51,-2,20,0.538461538461538,0.01788908765653,0.007700999882235,260000,0.000384763370527,161.95652173913,0.056953177257525,,,,,,,0.993125300086443,0.013520292516925,57,10,0.648648648648649,-0.142049025769956,10.0720720720721,0.180599203855017,148,,0.030876494023904,,0.306306306306306,0.065996228786927,0.04133418961361,,2021-11-03 15:31:06,,20,,111,,72,,72,0.538461538461538,-0.13953488372093,-0.314285714285714,-0.294117647058823
12075,473,5,"Levy County, FL",county,2021-10-25,2021-10-31,1 weeks,11,10,11,10,2,,2,,0.181818181818182,0.181818181818182,186000,0.005405405405405,149.038461538462,0.050519750519751,40,40,1,,0.018867924528302,,2,,1860.5,,2,,1,,1,,0.5,,3,,3,,199000,,125.584112149533,,50,0.351351351351351,53,0.358974358974359,53,0.358974358974359,84.5,1.5,1,0,0.018867924528302,-0.006773101112724,329000,0.436681222707423,177.43979721166,0.219759030434085,,,,,,,0.924362596678458,0.032796331618217,34,-112,0.181818181818182,,4.81818181818182,-34.1818181818182,5,,0.02,,0.181818181818182,0.181818181818182,0.033344448149383,,2021-11-03 15:31:06,,1,,11,,3,,2,0,10,,
12077,474,5,"Liberty County, FL",county,2021-10-11,2021-10-17,1 weeks,2,,2,,0,,0,,0,,123500,,77.0216630183885,,8,,,,,,1,,1556,,0,,0,,0,,0,,,,,,,,,,6,2,7,2.5,7,2.5,54,6,,,,,189000,-0.467530638118045,121.46529562982,0.011674200323144,,,,,,,,,,,,,,,,,,,,,,,2021-11-03 15:31:06,,,,,,,,,,,,
12079,475,5,"Madison County, FL",county,2021-10-25,2021-10-31,1 weeks,2,1,2,1,0,,0,,0,0,149950,2.00501002004008,178.113364361702,4.71104975909265,0,0,1,,0.022727272727273,,3,2,1316,-0.1775,0,,0,,0,0,0,0,4,1,4,1,297500,0.476426799007444,195.471665810649,0.267133005463541,39,0,44,0.1,44,0.1,68,0,2,,0.045454545454546,,247500,0.602460343153124,145.833333333333,0.899874558102406,,,,,,,1.00035739814153,0.00035739814153,36.5,14.5,1.5,0.5,22,-18,1,,0.025641025641026,,0.5,0.5,0.049180327868853,,2021-11-03 15:31:06,,2,,2,,4,,3,,1,1,2
12081,476,5,"Manatee County, FL",county,2021-10-25,2021-10-31,1 weeks,256,-0.171521035598705,256,-0.171521035598705,29,-0.674157303370787,29,-0.674157303370787,0.11328125,-0.174744639967638,411745,0.270817901234568,230.069418469053,0.305072139853694,35,-6,47,-0.584070796460177,0.050865800865801,-0.006465503040846,237,0.139423076923077,1828,-0.002183406113537,161,0.490740740740741,124,0.698630136986301,0.679324894514768,0.160094125283999,0.523206751054852,0.172245212593314,209,-0.150406504065041,209,-0.150406504065041,425000,0.264899775294275,230.382293762575,0.248152359635683,648,-0.621274108708358,924,-0.531202435312024,924,-0.531202435312024,30,-22,28,0.333333333333333,0.03030303030303,0.019648540196485,475000,0.376833543723161,249.947938359017,0.356657622415947,949900,,900000,,0.947468154542583,,1.00048384699944,0.021399386874696,7,-18,0.92578125,0.252642091423948,3.609375,-2.76926577669903,229,-0.151851851851852,0.072530864197531,0.006487614635871,0.37109375,0.228698927993528,0.049475601042739,0.018702132470414,2021-11-03 15:31:06,,28,,256,,209,,237,0.333333333333333,-0.171521035598705,-0.150406504065041,0.139423076923077
12083,477,5,"Marion County, FL",county,2021-10-25,2021-10-31,1 weeks,228,75,228,75,47,,47,,0.206140350877193,0.206140350877193,239950,0.4996875,151.259989053093,0.379988393278899,37.5,37.5,61,,0.059628543499511,,212,8.21739130434783,1588,0.193087903831705,126,6.875,91,4.6875,0.594339622641509,-0.101312551271534,0.429245283018868,-0.266406890894175,178,1.54285714285714,178,1.54285714285714,251500,0.525166767738023,159.184815252562,0.248337526961064,777,0.186259541984733,1023,0.489082969432314,1023,0.489082969432314,37,-12,23,2.83333333333333,0.022482893450635,0.013749268996487,275000,0.222222222222222,160.473683378286,0.235344732218149,299000,,305000,,1.02006688963211,,0.992694903267386,0.038170470810474,10,-85,0.929824561403509,-6.73684210526316,4.48684210526316,-224.513157894737,237,,0.078507078507079,,0.302631578947368,-0.030701754385965,0.040547188795286,,2021-11-03 15:31:06,,23,,228,,178,,212,2.83333333333333,75,1.54285714285714,8.21739130434783
12085,478,5,"Martin County, FL",county,2021-10-25,2021-10-31,1 weeks,73,-0.467153284671533,73,-0.467153284671533,15,-0.615384615384615,15,-0.615384615384615,0.205479452054794,-0.079192080791921,415000,0.238805970149254,243.340163934426,0.246730031391699,24,2,21,-0.363636363636364,0.037837837837838,0.006167972194844,50,-0.253731343283582,1539,-0.085017835909631,24,0.5,15,0.666666666666667,0.48,0.241194029850746,0.3,0.165671641791045,58,-0.369565217391304,58,-0.369565217391304,350300,-0.12303101310822,243.593141289438,0.179735052778042,489,-0.478678038379531,555,-0.467370441458733,555,-0.467370441458733,46,-8,8,-0.2,0.014414414414415,0.004817485431689,515000,0.410958904109589,273.722107441158,0.365859561251609,629000,,629000,,1,,0.991560526306028,0.025107646235487,31,-18,0.684931506849315,0.195880411958804,7.6027397260274,-0.003099690030997,92,-0.239669421487603,0.042944785276074,0.0077635486023,0.342465753424657,0.247575242475752,0.043022007658447,0.009837305633512,2021-11-03 15:31:06,,8,,73,,58,,50,-0.2,-0.467153284671533,-0.369565217391304,-0.253731343283582
12086,479,5,"Miami-Dade County, FL",county,2021-10-25,2021-10-31,1 weeks,619,-0.303712035995501,619,-0.303712035995501,111,-0.585820895522388,111,-0.585820895522388,0.179321486268174,-0.122140830942174,410000,0.171428571428571,305.139186295503,0.263006947916268,18,-9,290,-0.290953545232274,0.024290141552894,-0.000203809818528,521,0.243436754176611,1344,-0.112871287128713,157,0.37719298245614,85,0.39344262295082,0.301343570057582,0.029267197742546,0.163147792706334,0.017563067169341,771,-0.134680134680135,771,-0.134680134680135,440000,0.111111111111111,323.886639676113,0.182851755310299,10857,-0.31219512195122,11939,-0.285004192118817,11939,-0.285004192118817,68,-21,405,0.557692307692308,0.033922439065248,0.018351712032071,499900,0.162558139534884,371.428571428571,0.137614163354493,350000,-0.484384207424867,350000,-0.594202898550725,1,0.08137959485918,0.981964557474897,0.02333048686903,51,-19,0.841680129240711,0.370364043751397,19.2875605815832,0.504658444350355,1085,0.219101123595506,0.026710877774708,0.000800203083545,0.227786752827141,0.115300813569548,0.049911593896087,0.003714319326502,2021-11-03 15:31:06,,405,,619,,771,,521,0.557692307692308,-0.303712035995501,-0.134680134680135,0.243436754176611
12087,480,5,"Monroe County, FL",county,2021-10-25,2021-10-31,1 weeks,56,-0.151515151515151,56,-0.151515151515151,7,,7,,0.125,0.125,757500,0.166281755196305,618.025168752756,0.363923225826494,2,2,18,,0.023498694516971,,24,-0.25,1274,-0.047832585949178,6,2,4,1,0.25,0.1875,0.166666666666667,0.104166666666667,51,-0.055555555555556,51,-0.055555555555556,900000,0.1703511053316,702.380952380952,0.323347132447285,716,-0.316141356255969,766,-0.304268846503179,766,-0.304268846503179,65,-10,12,1,0.015665796344648,0.010216205063994,974900,0.344689655172414,696.495836637589,0.320014263305957,,,,,,,0.972020706678879,0.012319117688997,61.5,-37.5,0.428571428571429,-0.056277056277056,13.6785714285714,-3.00324675324675,65,,0.025139664804469,,0.267857142857143,0.207251082251082,0.055880497526575,,2021-11-03 15:31:06,,12,,56,,51,,24,1,-0.151515151515151,-0.055555555555556,-0.25
12089,481,5,"Nassau County, FL",county,2021-10-25,2021-10-31,1 weeks,34,0.416666666666667,34,0.416666666666667,4,,4,,0.117647058823529,0.117647058823529,377450,0.251460921893521,184.190079309091,0.268647856542099,33,33,7,,0.029045643153527,,26,0.529411764705882,2019.5,-0.101246105919003,11,10,9,8,0.423076923076923,0.364253393665158,0.346153846153846,0.287330316742081,35,0.521739130434783,35,0.521739130434783,339990,-0.068520547945206,184.941656942824,-0.02697568501129,201,-0.25,241,-0.177474402730375,241,-0.177474402730375,45,-24.5,8,,0.033195020746888,,419990,0.253701492537313,209.223631033001,0.23545801937215,,,,,,,1.00435367745372,0.020740614184352,14,-53.5,0.764705882352941,0.056372549019608,7.08823529411765,-5.12009803921569,30,29,0.034825870646766,,0.352941176470588,0.144607843137255,0.024176129651394,,2021-11-03 15:31:06,,8,,34,,35,,26,,0.416666666666667,0.521739130434783,0.529411764705882
12091,482,5,"Okaloosa County, FL",county,2021-10-25,2021-10-31,1 weeks,143,-0.02054794520548,143,-0.02054794520548,17,-0.37037037037037,17,-0.37037037037037,0.118881118881119,-0.066050387968196,318000,0.065935484087226,180.6684733514,0.060926923141806,36,-1,39,0.026315789473684,0.054469273743017,0.017067698939867,124,0.425287356321839,1641.5,0.014524103831891,76,0.266666666666667,61,0.270833333333333,0.612903225806452,-0.076751946607342,0.491935483870968,-0.059788654060067,106,-0.036363636363636,106,-0.036363636363636,355000,0.21160409556314,207.776855883588,0.223899901632886,563,-0.368125701459035,716,-0.295275590551181,716,-0.295275590551181,46,-21,19,0.461538461538462,0.026536312849162,0.013741037258611,399000,0.068416119962512,232.211647634584,0.026865577479568,,,,,,,0.997040035079076,0.013935859826342,7,-3,0.867132867132867,0.271242456173963,5.00699300699301,-1.95191110259603,135,0.163793103448276,0.069271758436945,0.026623049121569,0.335664335664336,0.102787623335569,0.037736404556442,-0.001565285876666,2021-11-03 15:31:06,,19,,143,,106,,124,0.461538461538462,-0.02054794520548,-0.036363636363636,0.425287356321839
12093,483,5,"Okeechobee County, FL",county,2021-10-25,2021-10-31,1 weeks,7,0.166666666666667,7,0.166666666666667,1,0,1,0,0.142857142857143,-0.023809523809524,425000,1.81456953642384,194.864740944521,0.810573665941936,35,-5,1,0,0.011764705882353,0,3,0.5,1687,-0.171414538310413,0,,0,,0,0,0,0,6,2,6,2,244500,0.079470198675497,178.625022003168,0.358392514834677,77,-0.0375,85,0,85,0,81,-3,4,3,0.047058823529412,0.035294117647059,320000,0.231242785686803,171.35989010989,0.245019960239843,,,,,,,0.947013899969781,-0.030664112229582,13,-98.5,0.428571428571429,0.095238095238095,12.1428571428571,-2.02380952380952,9,1.25,0.012987012987013,0.000487012987013,0,-0.166666666666667,0.069204152249135,0.044813908346696,2021-11-03 15:31:06,,4,,7,,6,,3,3,0.166666666666667,2,0.5
12095,484,5,"Orange County, FL",county,2021-10-25,2021-10-31,1 weeks,557,-0.095779220779221,557,-0.095779220779221,103,-0.383233532934132,103,-0.383233532934132,0.18491921005386,-0.086184686050036,350000,0.141738704942098,195.833333333333,0.202888583393054,32,-5,135,-0.451219512195122,0.056156405990017,-0.001414387363599,456,0.16030534351145,1759,-0.022234574763758,271,0.18859649122807,207,0.137362637362637,0.594298245614035,0.01414557385831,0.453947368421053,-0.009156957278693,436,-0.166347992351816,436,-0.166347992351816,364950,0.14046875,206.268480431245,0.229724146570982,1823,-0.512306046013911,2404,-0.437397612918324,2404,-0.437397612918324,37,-15,77,0.054794520547945,0.032029950083195,0.014945934169317,386950,0.139428739693757,209.627727856226,0.216407382992749,379999.5,-0.095023815194094,385000,-0.095075802091903,0.978826352055816,0.014044849321165,0.989250768718872,0.007874619854879,10,-8,0.818671454219031,0.180684441232018,4.31597845601436,-2.62070985567395,535,-0.048042704626335,0.074053757542512,0.008243163642031,0.323159784560144,0.141341602741962,0.037050809257543,-2.51899550364962E-05,2021-11-03 15:31:06,,77,,557,,436,,456,0.054794520547945,-0.095779220779221,-0.166347992351816,0.16030534351145
12097,485,5,"Osceola County, FL",county,2021-10-25,2021-10-31,1 weeks,272,0.03030303030303,272,0.03030303030303,34,-0.52112676056338,34,-0.52112676056338,0.125,-0.143939393939394,350000,0.32062514621207,174.954698505665,0.229336675304485,34,-5,45,-0.510869565217391,0.03784693019344,0.001881332069906,246,0.849624060150376,1888,-0.024289405684755,157,1.15068493150685,115,1.09090909090909,0.638211382113821,0.089339201662693,0.467479674796748,0.053945840210282,204,-0.046728971962617,204,-0.046728971962617,349999.5,0.320752830188679,184.587762585314,0.18768503994575,893,-0.620323129251701,1189,-0.535183737294762,1189,-0.535183737294762,39,-30,30,-0.285714285714286,0.025231286795627,0.008812209391405,399840,0.356769596199525,197.473200612557,0.294956658222534,709990,0.352361904761905,700000,0.333333333333333,0.985929379287032,-0.014070620712968,0.995850623603149,0.016995589406959,9,-8,0.904411764705882,0.400623885918004,4.37132352941176,-5.31807040998218,280,0.272727272727273,0.050391937290034,0.01127629103153,0.345588235294118,0.190285204991087,0.04710573823512,0.009520099737375,2021-11-03 15:31:06,,30,,272,,204,,246,-0.285714285714286,0.03030303030303,-0.046728971962617,0.849624060150376
12099,486,5,"Palm Beach County, FL",county,2021-10-25,2021-10-31,1 weeks,726,-0.303930968360499,726,-0.303930968360499,147,-0.530351437699681,147,-0.530351437699681,0.202479338842975,-0.09761653843411,390000,0.114285714285714,239.346911525555,0.221524059178634,1,-5,180,-0.528795811518325,0.026269702276708,-0.004190388625134,499,-0.136678200692042,1520,-0.037060500475135,130,0.645569620253165,93,1.16279069767442,0.260521042084168,0.123842841392127,0.186372745490982,0.111978281823162,636,-0.293333333333333,636,-0.293333333333333,383500,0.131268436578171,244.215864620276,0.175810040879087,6105,-0.470787101248266,6852,-0.453632086755442,6852,-0.453632086755442,43,-18,138,-0.103896103896104,0.020140105078809,0.007860382568642,419000,0.200573065902579,255.901176470588,0.243679717647059,425000,0.049512285467342,440000,0.08641975308642,0.980852074389997,0.00076296785428,0.978614193865177,0.019326849076855,46,-20,0.68732782369146,0.133157162138248,9.43801652892562,-2.58595279034571,936,-0.088607594936709,0.02948402948403,-0.003629701445235,0.252066115702479,0.153312520304589,0.048626996710627,0.004671345446216,2021-11-03 15:31:06,,138,,726,,636,,499,-0.103896103896104,-0.303930968360499,-0.293333333333333,-0.136678200692042
12101,487,5,"Pasco County, FL",county,2021-10-25,2021-10-31,1 weeks,318,-0.228155339805825,318,-0.228155339805825,67,-0.12987012987013,67,-0.12987012987013,0.210691823899371,0.023798620015876,310000,0.222602368299104,178.448350319572,0.262799879335849,34,-5.5,97,-0.093457943925234,0.078288942695722,0.017250722501769,326,0.336065573770492,1666.5,-0.035869250795488,237,0.490566037735849,175,0.346153846153846,0.726993865030675,0.07535452076838,0.53680981595092,0.004022930705019,292,0.013888888888889,292,0.013888888888889,325000,0.181818181818182,181.248724229435,0.22878220145133,871,-0.408288043478261,1239,-0.293211637193383,1239,-0.293211637193383,23,-14,22,0.692307692307692,0.017756255044391,0.010340396516153,325000,0.181818181818182,185.013150998466,0.254775758413478,,,,,,,1.00052396181587,0.011577004513111,8,-3.5,1.0251572327044,0.432924222995665,3.89622641509434,-0.358627953837699,359,0.121875,0.111366245694604,0.0386760283033,0.415094339622641,0.191793368748855,0.031924033662079,0.003251434808533,2021-11-03 15:31:06,,22,,318,,292,,326,0.692307692307692,-0.228155339805825,0.013888888888889,0.336065573770492
12103,488,5,"Pinellas County, FL",county,2021-10-25,2021-10-31,1 weeks,503,-0.138698630136986,503,-0.138698630136986,114,-0.22972972972973,114,-0.22972972972973,0.226640159045726,-0.026784498488521,325000,0.083333333333333,245.454545454545,0.209101501628739,31,-5,185,-0.265873015873016,0.081569664902998,0.015236419312053,511,0.24330900243309,1350,0.003717472118959,324,0.327868852459016,248,0.340540540540541,0.634050880626223,0.040376914689483,0.4853228962818,0.035201241780584,430,-0.16988416988417,430,-0.16988416988417,359000,0.196666666666667,263.995726495726,0.252718466416475,1668,-0.490220048899755,2268,-0.403000789681495,2268,-0.403000789681495,32,-12,55,-0.166666666666667,0.024250440917108,0.006877448024241,399900,0.333,274.477447744774,0.319554016215625,,,,,,,0.996858054031188,0.015709018438065,10,-2,1.01590457256461,0.312137449276941,4.5089463220676,-1.99619066423377,596,0.054867256637168,0.110911270983213,0.033894156068788,0.375745526838966,0.141156485743076,0.039834452380377,0.004125565183947,2021-11-03 15:31:06,,55,,503,,430,,511,-0.166666666666667,-0.138698630136986,-0.16988416988417,0.24330900243309
12105,489,5,"Polk County, FL",county,2021-10-25,2021-10-31,1 weeks,374,-0.10952380952381,374,-0.10952380952381,65,-0.301075268817204,65,-0.301075268817204,0.17379679144385,-0.047631779984721,285000,0.222887301280813,164.373524393175,0.24822216315195,35,-5,82,-0.203883495145631,0.049427365883062,0.008955853112925,417,0.641732283464567,1814,0.026889329181998,288,0.986206896551724,232,1.14814814814815,0.690647482014388,0.119781340282105,0.556354916067146,0.131158065673445,389,0.208074534161491,389,0.208074534161491,295000,0.184738955823293,168.336755646817,0.232781562540665,1174,-0.472596585804133,1659,-0.348133595284872,1659,-0.348133595284872,27,-19,44,0.419354838709678,0.026522001205546,0.01434125464366,314999,0.276721045698652,173.904197309638,0.258789635489481,389900,,389000,,0.997691715824571,,0.999121346827692,0.013634508330191,8,-9.5,1.11497326203209,0.510211357270181,4.43582887700535,-1.62369493251846,415,0.097883597883598,0.06984667802385,0.023575339299681,0.350267379679144,0.138362617774382,0.045246154303737,0.007494722113895,2021-11-03 15:31:06,,44,,374,,389,,417,0.419354838709678,-0.10952380952381,0.208074534161491,0.641732283464567
12107,490,5,"Putnam County, FL",county,2021-10-25,2021-10-31,1 weeks,12,-0.454545454545455,12,-0.454545454545455,4,1,4,1,0.333333333333333,0.242424242424242,227500,0.103030303030303,146.323529411765,0.364199219892217,24.5,-6.5,8,0.6,0.044198895027624,0.017171868000597,14,0.555555555555556,1454,-0.082070707070707,2,0,1,,0.142857142857143,-0.079365079365079,0.071428571428572,0.071428571428572,13,0,13,0,225000,-0.131274131274131,128.012048192771,0.0440093708166,161,-0.058479532163743,181,-0.021621621621622,181,-0.021621621621622,53,-16,6,5,0.033149171270718,0.027743765865313,239000,0.1327041059339,155.775620221963,0.263101717203203,,,,,,,0.941628700287019,-0.02527765945553,36,1,1.16666666666667,0.757575757575757,15.0833333333333,6.67424242424243,25,-0.074074074074074,0.049689440993789,0.020449674911918,0.166666666666667,-0.060606060606061,0.059920073218301,0.018587141697313,2021-11-03 15:31:06,,6,,12,,13,,14,5,-0.454545454545455,0,0.555555555555556
12113,493,5,"Santa Rosa County, FL",county,2021-10-25,2021-10-31,1 weeks,117,0.602739726027397,117,0.602739726027397,19,,19,,0.162393162393162,0.162393162393162,308000,0.241935483870968,177.764910248987,0.349114662965232,14,14,23,,0.031636863823934,,60,0.666666666666667,1874.5,0.030511269928532,20,19,15,14,0.333333333333333,0.305555555555555,0.25,0.222222222222222,59,0.156862745098039,59,0.156862745098039,308000,0.242261076491822,187.806431072907,0.332001998159868,641,-0.231414868105516,727,-0.201975850713502,727,-0.201975850713502,38,-19,13,1.16666666666667,0.017881705639615,0.011295536594609,350000,0.321253303133258,175.81185073103,0.293031845274793,265000,,265000,,1,,1.00102520161506,0.009419751729375,34.5,-66.5,0.512820512820513,0.019669827889006,6.21367521367521,-6.26577684111931,117,,0.03588143525741,,0.384615384615385,0.042149631190727,0.047059544843181,,2021-11-03 15:31:06,,13,,117,,59,,60,1.16666666666667,0.602739726027397,0.156862745098039,0.666666666666667
12115,494,5,"Sarasota County, FL",county,2021-10-25,2021-10-31,1 weeks,340,-0.134860050890585,340,-0.134860050890585,54,-0.597014925373134,54,-0.597014925373134,0.158823529411765,-0.182143391707828,390000,0.120689655172414,238.40016101073,0.273987201889045,32,-10,58,-0.608108108108108,0.048414023372287,-0.002166974577132,288,0.165991902834008,1609.5,0.003428927680798,203,0.471014492753623,154,0.452830188679245,0.704861111111111,0.146156657669816,0.534722222222222,0.105572424651372,246,-0.247706422018349,246,-0.247706422018349,427000,0.338557993730408,255.542473399616,0.370439022592831,843,-0.675519630484988,1198,-0.590567327409433,1198,-0.590567327409433,34,-19,42,0.448275862068966,0.035058430717863,0.025147289227774,509000,0.376047580427142,291.866028708134,0.421363830863189,,,,,,,1.00211131424063,0.027736692938777,7,-25,0.847058823529412,0.218560095794043,3.52352941176471,-3.92176320910043,320,-0.132791327913279,0.068801897983393,0.011835000369844,0.429411764705882,0.304729830863643,0.045081904358023,0.007973329859607,2021-11-03 15:31:06,,42,,340,,246,,288,0.448275862068966,-0.134860050890585,-0.247706422018349,0.165991902834008
12117,495,5,"Seminole County, FL",county,2021-10-25,2021-10-31,1 weeks,200,-0.12280701754386,200,-0.12280701754386,39,-0.4,39,-0.4,0.195,-0.090087719298246,341750,0.106166046285807,190.275981897527,0.13709019269466,32,-3.5,56,-0.125,0.069221260815822,0.016976362856638,179,0.091463414634147,1828,0.0304396843292,108,0.173913043478261,91,0.35820895522388,0.603351955307263,0.042376345551165,0.508379888268156,0.099843302902303,160,-0.053254437869823,160,-0.053254437869823,355500,0.185003950013167,203.737292678013,0.215309120450749,601,-0.415937803692906,809,-0.339591836734694,809,-0.339591836734694,33,-12,19,0,0.023485784919654,0.007975580838021,385495,0.169584344660194,202.741020793951,0.207021335819204,500000,0.324503311258278,500000,0.324503311258278,1,0.002446538600942,0.995983816169984,0.013486661304836,10.5,-8.5,0.895,0.175701754385965,4.045,-1.32780701754386,212,0.019230769230769,0.093178036605657,0.030981729511391,0.36,0.17140350877193,0.035772260059701,0.004846426753603,2021-11-03 15:31:06,,19,,200,,160,,179,0,-0.12280701754386,-0.053254437869823,0.091463414634147
#N/A,491,5,"St. Johns County, FL",county,2021-10-25,2021-10-31,1 weeks,170,-0.395017793594306,170,-0.395017793594306,23,-0.666666666666667,23,-0.666666666666667,0.135294117647059,-0.110257483776429,442145,0.216354883081155,218.254564227719,0.277880473553292,21,-2,37,0.027777777777778,0.029790660225443,0.010611118403386,135,-0.035714285714286,1986,-0.071094480823199,42,0.024390243902439,26,0.083333333333333,0.311111111111111,0.018253968253968,0.192592592592593,0.021164021164021,130,-0.197530864197531,130,-0.197530864197531,480000,0.28,220.438633069401,0.198833396146731,1047,-0.370793269230769,1242,-0.338305807139052,1242,-0.338305807139052,39,-13,38,1,0.030595813204509,0.020473277242868,489900,0.289227489835393,233.743429489118,0.258618466479867,429200,0.130961791831357,445000,0.212534059945504,1.00462061835719,0.035069111369361,1.00244333854845,0.017311466400839,28.5,-29.5,0.794117647058823,0.295897006489428,7.30588235294118,0.626167050450073,253,-0.052434456928839,0.035339063992359,0.013704448607744,0.364705882352941,0.208122252459703,0.025520496370646,-0.004804718499818,2021-11-03 15:31:06,,38,,170,,130,,135,1,-0.395017793594306,-0.197530864197531,-0.035714285714286
12111,492,5,"St. Lucie County, FL",county,2021-10-25,2021-10-31,1 weeks,162,-0.341463414634146,162,-0.341463414634146,21,-0.588235294117647,21,-0.588235294117647,0.12962962962963,-0.077687443541102,333500,0.290135396518375,193.639904377141,0.269960919831837,17,17,56,0.018181818181818,0.035532994923858,0.011948089263481,138,-0.067567567567568,1582,-0.013408169628937,66,1.2,49,1.45,0.478260869565217,0.275558166862515,0.355072463768116,0.219937328632981,176,0.029239766081871,176,0.029239766081871,329611.5,0.179121056020605,193.414636207159,0.199532267168884,1391,-0.344177274870344,1576,-0.32418524871355,1576,-0.32418524871355,36,-17,32,1,0.020304568527919,0.013443505063082,349900,0.296406076324565,200.035739814153,0.309435337876434,150000,-0.61028838659392,150000,-0.605263157894737,1,0.012730579371265,1.00164411130542,0.014589657713854,33,-23.5,0.851851851851852,0.250225835591689,9.7283950617284,0.248720264980427,229,0.070093457943925,0.040258806613947,0.014327642068921,0.395061728395062,0.151159289370672,0.042401666865945,-0.004930488328097,2021-11-03 15:31:06,,32,,162,,176,,138,1,-0.341463414634146,0.029239766081871,-0.067567567567568
12119,496,5,"Sumter County, FL",county,2021-10-25,2021-10-31,1 weeks,42,0,42,0,7,-0.611111111111111,7,-0.611111111111111,0.166666666666667,-0.261904761904762,317495,0.181596576107183,207.372026261477,0.129440108274393,30.5,-4.5,12,-0.773584905660377,0.062176165803109,-0.045987099503014,35,0.029411764705882,1673,-0.062219730941704,21,0.615384615384615,15,0.5,0.6,0.217647058823529,0.428571428571429,0.134453781512605,32,-0.288888888888889,32,-0.288888888888889,299450,-0.001500500166722,194.891704776423,0.047882840565325,144,-0.677130044843049,193,-0.606122448979592,193,-0.606122448979592,36.5,-15.5,7,0.166666666666667,0.036269430051814,0.02402453209263,347000,0.217543859649123,214.266755142668,0.167167376243487,,,,,,,1.01008347130612,0.035150844220801,7.5,-25.5,0.833333333333333,0.023809523809524,4.5952380952381,-7.07142857142857,44,0.073170731707317,0.083333333333333,-0.035500747384156,0.333333333333333,0.261904761904762,0.036173112421405,0.006288769829016,2021-11-03 15:31:06,,7,,42,,32,,35,0.166666666666667,0,-0.288888888888889,0.029411764705882
12123,498,5,"Taylor County, FL",county,2021-10-25,2021-10-31,1 weeks,5,-0.285714285714286,5,-0.285714285714286,2,,2,,0.4,0.4,140000,-0.259259259259259,90.1785714285714,-0.050000974203102,21,21,4,,0.090909090909091,,2,-0.666666666666667,1524,-0.135809469804366,0,,0,,0,0,0,0,1,-0.909090909090909,1,-0.909090909090909,145500,0.456456456456456,99.9313186813187,0.457812539654341,39,-0.380952380952381,44,-0.371428571428571,44,-0.371428571428571,73,13,2,,0.045454545454546,,287000,0.669089851701076,137.07264957265,0.475987418942628,,,,,,,0.945304597967634,-0.04955736387996,67,21,0.4,-0.457142857142857,8.8,-1.2,3,,0.102564102564103,,0.4,0.257142857142857,0.033096947159953,,2021-11-03 15:31:06,,2,,5,,1,,2,,-0.285714285714286,-0.909090909090909,-0.666666666666667
12125,499,5,"Union County, FL",county,2021-10-25,2021-10-31,1 weeks,2,,2,,0,,0,,0,,307500,,160.13552598736,,18,,,,,,1,,1408,,1,,1,,1,,1,,1,-0.5,1,-0.5,233500,0.335048599199543,165.838068181818,0.355099334035442,7,-0.125,8,0,8,0,51,15.5,,,,,367000,1.18127786032689,209.674061799235,0.713292880360507,,,,,,,1.17717996289425,,20,,0.5,,4,,1,,,,1,,,,2021-11-03 15:31:06,,,,2,,1,,1,,,-0.5,
12127,500,5,"Volusia County, FL",county,2021-10-25,2021-10-31,1 weeks,319,-0.147058823529412,319,-0.147058823529412,75,-0.330357142857143,75,-0.330357142857143,0.235109717868339,-0.064355522773373,296990,0.237458333333333,185.396463205933,0.23131235940544,24,-1,107,-0.06140350877193,0.041699142634451,0.004456411500834,250,0.024590163934426,1630,0.044537007369433,100,0.234567901234568,72,0.285714285714286,0.4,0.068032786885246,0.288,0.058491803278689,271,-0.025179856115108,271,-0.025179856115108,317990,0.272468987595038,196.463654223969,0.240283591013923,2225,-0.181082075818918,2566,-0.16171185886965,2566,-0.16171185886965,45,-6,46,0.393939393939394,0.01792673421668,0.00714594362537,339900,0.236449618042925,203.785672684916,0.236768220432591,249900,-0.099297170661381,249900,0.3015625,0.975511980534876,-0.03554647128187,0.990402708475317,0.018357587395542,28,-17.5,0.783699059561129,0.131292642448829,8.04388714733542,-0.140604831274201,375,0.153846153846154,0.04808988764045,0.006131845682407,0.29153605015674,0.147151023418772,0.037159285276506,0.00090867175193,2021-11-03 15:31:06,,46,,319,,271,,250,0.393939393939394,-0.147058823529412,-0.025179856115108,0.024590163934426
12129,501,5,"Wakulla County, FL",county,2021-10-25,2021-10-31,1 weeks,16,-0.333333333333333,16,-0.333333333333333,0,,0,,0,0,239450,0.016772823779193,145.719097350048,0.191815873938004,0,0,2,,0.008163265306122,,10,-0.285714285714286,1869,0.129987908101572,0,-1,0,-1,0,-0.071428571428572,0,-0.071428571428572,18,0.384615384615384,18,0.384615384615384,303450,0.357718120805369,169.628297849288,0.333925223246263,228,-0.061728395061729,245,-0.082397003745318,245,-0.082397003745318,65.5,8.5,1,-0.8,0.004081632653061,-0.014644959107238,325000,0.305220883534137,172.896231285493,0.15123930158467,,,,,,,0.987522697532214,0.003319952119787,55.5,-15.5,0.625,0.041666666666667,15.3125,4.1875,17,,0.008771929824561,,0.125,-0.083333333333333,0.07520007415647,,2021-11-03 15:31:06,,1,,16,,18,,10,-0.8,-0.333333333333333,0.384615384615384,-0.285714285714286
12131,502,5,"Walton County, FL",county,2021-10-25,2021-10-31,1 weeks,112,-0.026086956521739,112,-0.026086956521739,22,-0.083333333333333,22,-0.083333333333333,0.196428571428571,-0.012267080745342,695000,0.168067226890756,414.226436280419,0.106205826033926,37.5,-4.5,58,0.933333333333333,0.059548254620123,0.034506518393078,121,0.32967032967033,1834,-0.06571574121243,68,0.36,51,0.342105263157895,0.56198347107438,0.012532921623831,0.421487603305785,0.003905185723368,106,-0.018518518518519,106,-0.018518518518519,599000,-0.069314330151031,372.639003153709,0.089112594827964,817,-0.227788279773157,974,-0.186978297161937,974,-0.186978297161937,61,-19,16,-0.272727272727273,0.016427104722793,-0.00193683517704,795000,0.224961479198767,495.214324967943,0.348103271340511,,,,,,,0.982964001293949,0.002029824940156,11.5,-25.5,1.08035714285714,0.289052795031056,8.69642857142857,-1.72096273291925,130,0.074380165289256,0.070991432068544,0.042636044544914,0.160714285714286,0.03027950310559,0.036010570640118,-0.01009889775397,2021-11-03 15:31:06,,16,,112,,106,,121,-0.272727272727273,-0.026086956521739,-0.018518518518519,0.32967032967033
